artist,title,Journey/Experience,Love/Desire,Life/Contemplation,Relationships/Belief,Wealth/World
Kanye West,Mercy,0.0032706116968458914,0.003236018755412559,0.11933237711476828,0.690593148505174,0.18356784392779937
Kanye West,Monster,0.11101936069457852,0.12092644135150002,0.2391704796793077,0.003826639942326095,0.5250570783322875
Kanye West,"Father Stretch My Hands, Pt. 1",0.08567143899069418,0.009590359366043156,0.009335894739904446,0.8862556802999719,0.009146626603386212
Kanye West,Ultralight Beam,0.14944762186510097,0.08822632326670146,0.6050166419541774,0.003099179828156683,0.15421023308586346
Kanye West,Bound 2,0.008642441374017096,0.603177469912644,0.17779463768989207,0.20160702354319568,0.008778427480251039
Kanye West,New Slaves,0.39251746672096477,0.2868810324167115,0.30923233574483855,0.005719384024690159,0.005649781092794916
Kanye West,Runaway,0.002054962191423019,0.002027817518144886,0.8161818433470659,0.17770736915528632,0.0020280077880797534
Kanye West,Blood On the Leaves,0.1328490445827174,0.11623508173512388,0.22539931619410958,0.24654636844246935,0.2789701890455797
Kanye West,Black Skinhead,0.15164764607563055,0.00882410591586744,0.6181188218348048,0.2126705611584666,0.008738865015230596
Kanye West,No More Parties in LA,0.21884920288363305,0.05101597823401638,0.10047053700025983,0.39568690836205606,0.23397737352003464
Kanye West,Famous,0.8402158350882694,0.0663023094034926,0.007652493127633455,0.007828277565497435,0.07800108481510722
Kanye West,Ghost Town,0.3715689617147376,0.10679966783938259,0.3287990612456111,0.10022583268818609,0.09260647651208254
Kanye West,POWER,0.512901041797019,0.007344445922909694,0.1475708279440277,0.007231770631773769,0.32495191370426973
Kanye West,All Mine,0.01093149028825325,0.24459848974582327,0.010973542197291665,0.7224282810195988,0.011068196749033131
Kanye West,Gold Digger,0.0025925881797450585,0.033909166843889046,0.002597602958748823,0.6534710253594733,0.30742961665814367
Kanye West,Wolves,0.4393268704366493,0.31295526996332335,0.006361497764405496,0.15136558891041593,0.08999077292520594
Kanye West,I Love Kanye,0.23541993291941077,0.4268926973281481,0.3124802805088118,0.012667363710448512,0.012539725533180895
Kanye West,Real Friends,0.8847123027791087,0.0305777808788468,0.005708308529861843,0.0056792759218711,0.07332233189031165
Kanye West,Off The Grid,0.13190933811383201,0.08588031903764187,0.7331851236124353,0.010839230090956081,0.038185989145134894
Kanye West,Can’t Tell Me Nothing,0.6280917011075693,0.0036500935674021124,0.20728446384299445,0.0036685003103396575,0.15730524117169448
Kendrick Lamar,HUMBLE.,0.7400921242381436,0.010696603431446315,0.010953972773302333,0.22695718213257365,0.011300117424534068
Kendrick Lamar,​euphoria,0.5027793091112092,0.0443042146072028,0.32975040421645885,0.10300063209237016,0.020165439972759158
Kendrick Lamar,​m.A.A.d city,0.7056247516899322,0.005457721683432003,0.24678799729255943,0.005601464298183835,0.03652806503589244
Kendrick Lamar,Not Like Us,0.12239444690491845,0.067342751660142,0.547700158169329,0.2592241036053462,0.003338539660264156
Kendrick Lamar,Swimming Pools (Drank),0.44965010842611336,0.062054115692066585,0.20616965284021643,0.2769284777804183,0.005197645261185323
Kendrick Lamar,Money Trees,0.42924094713606203,0.14588088942745128,0.24322764730043175,0.0962925377029158,0.0853579784331393
Kendrick Lamar,DNA.,0.3217090671373681,0.007529225303773421,0.36060661177857367,0.0702711424550291,0.23988395332525572
Kendrick Lamar,XXX.,0.23939831777148896,0.12336009394621025,0.4517668972417057,0.17632014282819575,0.00915454821239946
Kendrick Lamar,"Bitch, Don’t Kill My Vibe",0.004725168897297129,0.004712461869968138,0.9811998711173275,0.004628210848207968,0.0047342872671992985
Kendrick Lamar,King Kunta,0.004739204685107199,0.4308431150351596,0.35323129050765517,0.0048895799178905516,0.20629680985418755
Kendrick Lamar,​meet the grahams,0.43853234581020706,0.10706166932440092,0.21470354515429577,0.13450922926870817,0.10519321044238784
Kendrick Lamar,Poetic Justice,0.46591732752733805,0.17291548310421487,0.11225022356658848,0.14760428795819122,0.1013126778436674
Kendrick Lamar,LOVE.,0.003000467152228622,0.6541090495576887,0.21239857280826835,0.0028772887340790033,0.12761462174773544
Kendrick Lamar,Alright,0.13963166694582263,0.10024488411973548,0.4834381498891971,0.27191149743812465,0.0047738016071201105
Kendrick Lamar,Backseat Freestyle,0.004198846239275353,0.19331965968113832,0.5493807020773779,0.004085546116245604,0.24901524588596288
Kendrick Lamar,"Sing About Me, I’m Dying of Thirst",0.26165559056162035,0.017090086129465543,0.40999323314109265,0.18675237545004222,0.12450871471777931
Kendrick Lamar,The Blacker the Berry,0.3359671048630436,0.3477830742567067,0.16668948254987842,0.030572970802393296,0.11898736752797809
Kendrick Lamar,ELEMENT.,0.005852875489599511,0.005799918860670703,0.9141891705985548,0.0057805849467859344,0.06837745010438923
Kendrick Lamar,LOYALTY.,0.3910222786967533,0.2938485582943366,0.20483096984014307,0.056689636132612284,0.053608557036154705
Kendrick Lamar,​i (Album Version),0.38630216831645925,0.34229745011527934,0.17612348784023957,0.05617541393292359,0.03910147979509818
Cardi B,WAP,0.10238512718041856,0.08194336777336644,0.36812321227467304,0.007305427346650405,0.4402428654248916
Cardi B,Bodak Yellow,0.006202524275571171,0.006505135217567539,0.554761193752563,0.051237656471456866,0.38129349028284115
Cardi B,Up,0.7357667380190742,0.08188861510445461,0.16880049718060688,0.006811890365310116,0.006732259330554073
Cardi B,Bartier Cardi,0.8344646982361452,0.010836580189710567,0.13337497288306593,0.010707950349425906,0.010615798341652345
Cardi B,Be Careful,0.00610251625606365,0.358913301331446,0.33032808382688855,0.24693709159590965,0.0577190069896921
Cardi B,Money,0.0029000565695768365,0.002893284854052797,0.0029281011199550665,0.05464678556670028,0.936631771889715
Cardi B,Press,0.00928313753631553,0.051521297104668726,0.671068076558497,0.009153675281498273,0.2589738135190206
Cardi B,Thru Your Phone,0.5339174537100654,0.16752793723140477,0.057989309185956975,0.1555297006536456,0.08503559921892725
Cardi B,I Do,0.006288202092757196,0.3199158683117633,0.4865728456575397,0.13468345618888877,0.05253962774905103
Cardi B,Drip,0.4478639262801352,0.03789234688738038,0.17194460293219105,0.33390163964528885,0.008397484255004545
Cardi B,Ring,0.4153540696566768,0.3859879181744314,0.005436725565361806,0.187927043568887,0.005294243034642954
Cardi B,Get Up 10,0.23870093033079082,0.12110047987072929,0.39255895191208173,0.004181086769007634,0.24345855111739062
Cardi B,WAP (Clean),0.09876374519049637,0.0711477153028625,0.39175547214045725,0.08973334725491208,0.3485997201112718
Cardi B,Best Life,0.09031278881018823,0.02365269869032352,0.7409216123818594,0.004120213467823568,0.1409926866498053
Cardi B,Bickenhead,0.00854613967548473,0.008519904490189047,0.008625530998595712,0.47110977809659493,0.5031986467391356
Cardi B,Money Bag,0.00213828656709204,0.0021300320842031033,0.0021884797772056294,0.002110559616630357,0.9914326419548688
Cardi B,Foreva,0.29310086774114413,0.07450403549729441,0.29627559432941913,0.010844340831131453,0.3252751616010109
Cardi B,Lick,0.00496952119538087,0.004774410147486821,0.9011422807651305,0.0048345420049176,0.08427924588708412
Cardi B,Enough (Miami),0.01281335589984811,0.012579658714617897,0.636569436476167,0.23863544760913574,0.09940210130023122
Johnny Cash,You Are My Sunshine,0.7245412150871287,0.2449401156847823,0.010258886449532966,0.010174093283009103,0.010085689495546947
Johnny Cash,Folsom Prison Blues,0.2409658562668976,0.09699055409060166,0.015565734552629091,0.6302743185113263,0.016203536578545417
Johnny Cash,Ring of Fire,0.034344315005641925,0.43569588913779467,0.033379031049898346,0.03397796176743177,0.4626028030392333
Johnny Cash,Hurt,0.9316909940039786,0.016772667986384823,0.017258390397755393,0.016890929916767435,0.017387017695113794
Johnny Cash,I Walk The Line,0.8429091506838559,0.12479927346094785,0.010874689935205729,0.010819951140266695,0.010596934779723944
Johnny Cash,The Man Comes Around,0.7349502579053128,0.011945562057991563,0.012192953961681576,0.22902926514118976,0.01188196093382415
Johnny Cash,God’s Gonna Cut You Down,0.00313707528921288,0.0031083446024796698,0.9875581919853723,0.003103623555291663,0.0030927645676434626
Johnny Cash,Cocaine Blues (At Folsom Prison),0.6044616922283542,0.012980357238355332,0.35670111899637263,0.012745407221083745,0.013111424315834046
Johnny Cash,A Boy Named Sue,0.562404988520857,0.06569801990865103,0.1908604064560163,0.17604961052400947,0.0049869745904662375
Johnny Cash,I’ve Been Everywhere,0.9712443019386073,0.007203662273568316,0.007170053610715651,0.007147465050036299,0.007234517127072422
Johnny Cash,Man in Black,0.6295588846799316,0.18733554978863257,0.010944774523947359,0.01070167798734581,0.16145911302014268
Johnny Cash,One,0.046055983200269456,0.5593508041145683,0.2673282865179699,0.11870707465164501,0.008557851515547289
Johnny Cash,Big River,0.9253587309581531,0.01828448305470919,0.018632229287647094,0.018802521330673207,0.018922035368817414
Johnny Cash,Ain’t No Grave (Gonna Hold This Body Down),0.08393974864659093,0.009561810815472293,0.009762550655320421,0.009871884105785997,0.8868640057768304
Johnny Cash,Ghost Riders in the Sky,0.4491258924920159,0.07472867988337686,0.013782918278726875,0.013677692230504902,0.44868481711537544
Johnny Cash,The Long Black Veil,0.5971612070443266,0.018229579443135534,0.34816058251096393,0.01823068975653294,0.018217941245040965
Johnny Cash,I Still Miss Someone,0.04010274440792839,0.45412550843378835,0.18066607005841065,0.0400941172493444,0.2850115598505281
Johnny Cash,Wayfaring Stranger,0.02998580305142431,0.4479349595032207,0.4631452675622542,0.02900086150856458,0.029933108374536076
Johnny Cash,Cry! Cry! Cry!,0.8150862380855609,0.15679759737279012,0.009277096028833393,0.009325546716581333,0.009513521796234303
Johnny Cash,I Won’t Back Down,0.29732072026215833,0.02249672852368233,0.1356170566061382,0.35781654106484667,0.18674895354317436
Dolly Parton,Jolene,0.6337330155354537,0.2660004014308713,0.03350496607081834,0.033353223227498126,0.03340839373535857
Dolly Parton,9 to 5,0.4046824867966617,0.12395081952629908,0.38231276742050396,0.006635745554745313,0.08241818070179004
Dolly Parton,Coat of Many Colors,0.023498893730628707,0.5560624460978595,0.0225634866875959,0.023113543522739716,0.3747616299611762
Dolly Parton,I Will Always Love You,0.2197482314273636,0.7432746777079777,0.0122572818057534,0.012253737363315642,0.012466071695589725
Dolly Parton,World On Fire,0.004346208784633152,0.040288177143590544,0.20157117157435364,0.36382487499468646,0.3899695675027362
Dolly Parton,Just Because I’m a Woman,0.23231703475732507,0.013506055014608232,0.3374276905124936,0.40330190126702486,0.013447318448548158
Dolly Parton,Berry Pie,0.2693258172545099,0.3458511217820109,0.01837966364546677,0.01886345882909882,0.34757993848891366
Dolly Parton,Here You Come Again,0.011541891319602359,0.011197558910669769,0.011657807169010657,0.6358051476579923,0.32979759494272476
Dolly Parton,Cracker Jack,0.2051939440615153,0.416708389693726,0.3579732773230651,0.009730067913034128,0.01039432100865943
Dolly Parton,Hard Candy Christmas,0.9493686238139234,0.012549209274590882,0.012764922686767283,0.012764081963576914,0.012553162261141662
Dolly Parton,From Here to the Moon and Back (2014),0.012578503754763297,0.5150155448300405,0.24936796354921742,0.012571972394894434,0.2104660154710843
Dolly Parton,Two Doors Down,0.018498001311294168,0.1076233907414918,0.25761766019591975,0.5978628837949715,0.01839806395632269
Dolly Parton,Girl in the Movies,0.005012382254940029,0.6873133713279023,0.04797200188023456,0.25462686271932466,0.005075381817598509
Dolly Parton,Dumb Blonde,0.656662428796719,0.00806391135385427,0.008211023594583627,0.31870364253683964,0.008358993718003421
Dolly Parton,The Little Drummer Boy,0.028815852990000224,0.028629087276435133,0.028905890546628423,0.6410529590186012,0.27259621016833513
Dolly Parton,The Bridge,0.26354751068656296,0.16110395808222439,0.13030434551135167,0.43576795085882003,0.009276234861040906
Dolly Parton,Me and Little Andy,0.3526200566919716,0.060724091480524406,0.009499499458256828,0.12853527142735405,0.4486210809418932
Dolly Parton,Why’d You Come in Here Lookin’ Like That,0.4619724027372486,0.3220053677739219,0.010691643437226927,0.1943873382705188,0.01094324778108381
Dolly Parton,Rockin’ Years,0.022539020095314683,0.6867156288533194,0.022299576405901383,0.022321100001056787,0.24612467464440768
Dolly Parton,Do I Ever Cross Your Mind,0.006511033860894068,0.1271668769916702,0.8536356085026655,0.0064087800660232504,0.006277700578747079
Luke Bryan,Most People Are Good,0.003393754445748944,0.15704136442132158,0.2173353680090787,0.6187902713427985,0.0034392417810522394
Luke Bryan,Country Girl (Shake It for Me),0.003932483689738067,0.003954317598683062,0.003867327953212441,0.9842057780834336,0.004040092674932951
Luke Bryan,Rain is a Good Thing,0.00644776063496558,0.10406738704054753,0.006738758121488212,0.4193216305886716,0.46342446361432715
Luke Bryan,What She Wants Tonight,0.20869378318316373,0.6031658518821429,0.015441440985990892,0.014467367818853225,0.15823155612984927
Luke Bryan,That’s My Kind of Night,0.5005137691556756,0.21241141309449876,0.09773429409767274,0.00457742470316496,0.18476309894898796
Luke Bryan,Play It Again,0.5837109331738952,0.027400452728394687,0.2657859669809848,0.11567075140761776,0.0074318957091076545
Luke Bryan,Light It Up,0.23680221588671624,0.32423086653535577,0.00753501767751062,0.42397558423236686,0.0074563156680504325
Luke Bryan,Drunk on You,0.4269697287886234,0.0054741163489612004,0.005496395766259936,0.005638067202184637,0.5564216918939707
Luke Bryan,Strip It Down,0.5104682305412153,0.03355175383299511,0.08020889790523886,0.22481389296254922,0.15095722475800175
Luke Bryan,Drink a Beer,0.7586840548108555,0.01071842575959126,0.010999832448241242,0.20895439915789138,0.010643287823420774
Luke Bryan,Kick the Dust Up,0.4935612518539299,0.007196921317095615,0.007348902429043115,0.4421296603345335,0.04976326406539794
Luke Bryan,To the Moon and Back,0.586066173573977,0.33831703519166506,0.025121221898103153,0.025410478369344586,0.025085090966910372
Luke Bryan,"Huntin’, Fishin’ and Lovin’ Every Day",0.7755038885370275,0.03324170585576554,0.05429165935577962,0.13042010604858886,0.006542640202838524
Luke Bryan,One Margarita,0.46993848442079456,0.008380077364836263,0.008586468568542074,0.20999304925688814,0.30310192038893913
Luke Bryan,Fast,0.6663350872670614,0.19242484145894345,0.1209598604200251,0.010210584460560147,0.010069626393409943
Luke Bryan,Home Alone Tonight,0.20396511308760834,0.34267406317975097,0.00590765048285098,0.4413619325578369,0.006091240691952777
Luke Bryan,Knockin’ Boots,0.005314711331479154,0.00544726740109783,0.005770707074805272,0.005301797174170859,0.9781655170184468
Luke Bryan,Build Me a Daddy,0.6087110966320773,0.018824489036607255,0.018449773777685554,0.019280454773322787,0.33473418578030717
Luke Bryan,What Makes You Country,0.6660338655867353,0.012592972663259617,0.013839403930743696,0.013046674024772909,0.2944870837944885
Luke Bryan,Crash My Party,0.19907475067570857,0.006098508722819149,0.05413450991064515,0.6311685895046932,0.10952364118613399
Carrie Underwood,Before He Cheats,0.3548740982535504,0.008376038816151569,0.0085135047689288,0.43681086580231937,0.19142549235904996
Carrie Underwood,Cry Pretty,0.2960756813429088,0.012034661316951774,0.011971584344151052,0.5837757915751456,0.09614228142084284
Carrie Underwood,The Champion,0.013823881591018272,0.11429266586183613,0.7174937767650933,0.013793295942721403,0.14059637983933082
Carrie Underwood,Church Bells,0.5635485745045887,0.0119295020677518,0.011932791500907244,0.326407256010281,0.08618187591647135
Carrie Underwood,Love Wins,0.0051850945229754055,0.5445952711675536,0.005114987628953813,0.3874932246370217,0.05761142204349562
Carrie Underwood,"Jesus, Take the Wheel",0.3133135005697956,0.01142404200092671,0.4182586560643537,0.2457964669144061,0.011207334450517742
Carrie Underwood,Blown Away,0.9701655221905111,0.007451957253442235,0.007530304087242968,0.007431197536832472,0.007421018931971197
Carrie Underwood,Waiting All Day for Sunday Night,0.9550726319993934,0.01114395125437748,0.011196919613990653,0.011187213638271944,0.011399283493966291
Carrie Underwood,Two Black Cadillacs,0.9660673702123955,0.008409763231229666,0.008625762500800561,0.008529033013696483,0.008368071041877673
Carrie Underwood,Smoke Break,0.48741931153190504,0.004951607936323975,0.11450677194782685,0.004957091030467232,0.38816521755347694
Carrie Underwood,Dirty Laundry,0.13995488346637266,0.014374692166288915,0.014603691451196912,0.42115423236137906,0.40991250055476236
Carrie Underwood,Just a Dream,0.333540828866232,0.010890161754279733,0.01060611402724801,0.6343206043190946,0.010642291033145542
Carrie Underwood,End Up with You,0.060598102222803416,0.10740323854083368,0.011201010846173929,0.34450177949888017,0.4762958688913088
Carrie Underwood,Drinking Alone,0.00988703649081621,0.00969824146129439,0.00963529198817118,0.6458390439375095,0.3249403861222088
Carrie Underwood,All-American Girl,0.007111258269473417,0.007215470295019299,0.007055095104144408,0.5642998104064119,0.4143183659249509
Carrie Underwood,Heartbeat,0.008346894780980581,0.38606966587854524,0.2522352967334617,0.3066734140477685,0.04667472855924396
Carrie Underwood,Good Girl,0.0027290617994367014,0.0851801703446998,0.00267433852996865,0.9067455464368109,0.002670882889083906
Carrie Underwood,Cowboy Casanova,0.049194001179568375,0.004802926252275737,0.7504700379925016,0.19085472647980428,0.004678308095849997
Carrie Underwood,Something in the Water,0.6143626091006258,0.07076495216173641,0.29531082976740636,0.009713653883998625,0.009847955086232946
Carrie Underwood,See You Again,0.5182007756257216,0.013599575804433453,0.013775865397638488,0.3000529223925488,0.1543708607796576
Blake Shelton,God’s Country,0.3767790507088803,0.007724514662950253,0.5121614495505825,0.007828887478784786,0.09550609759880208
Blake Shelton,Nobody But You,0.008395853044167952,0.6059877605271843,0.1941643883478205,0.11890480816272764,0.07254718991809973
Blake Shelton,Boys ’Round Here,0.3993571869718648,0.059460128052872416,0.04174204171558404,0.48935037597346903,0.01009026728620982
Blake Shelton,Turnin’ Me On,0.500561192955783,0.011866223210549169,0.012244623329365318,0.21266665114886704,0.2626613093554355
Blake Shelton,She’s Got a Way With Words,0.9244279001283296,0.05294120700238498,0.007596702185483256,0.0075069180051071036,0.007527272678694925
Blake Shelton,I Lived It,0.2767798402659148,0.2791997394519029,0.4300357432771173,0.007058311851427231,0.006926365153637713
Blake Shelton,Minimum Wage,0.0764079640542703,0.6117682820267145,0.002594441291388944,0.049284744062653686,0.25994456856497267
Blake Shelton,Austin,0.3035588997663793,0.3369777284786852,0.29239949041046454,0.007503665400206087,0.059560215944264874
Blake Shelton,Sangria,0.012776303898803347,0.5063202135439535,0.06490897664439009,0.012866481445238427,0.40312802446761475
Blake Shelton,I’ll Name the Dogs,0.4930713563367414,0.0065046623954453245,0.006708496457331971,0.24625969096857594,0.24745579384190539
Blake Shelton,A Guy With a Girl,0.09799371511935172,0.00504147836787095,0.00506201169100189,0.756399124769703,0.1355036700520726
Blake Shelton,Ol’ Red,0.2126078982776774,0.11122565120068247,0.5127835240368886,0.010075698568495576,0.1533072279162558
Blake Shelton,Sure Be Cool If You Did,0.5268746734150241,0.008104448507867757,0.00808596314243709,0.15326038878769926,0.3036745261469717
Blake Shelton,Mine Would Be You,0.249519668098231,0.09206141926968889,0.07973505616186342,0.36040560526775584,0.21827825120246103
Blake Shelton,Hell Right,0.9850009673880026,0.0036723849694111983,0.0036727113247709414,0.003937555017420791,0.003716381300394568
Blake Shelton,Happy Anywhere,0.016905612351662744,0.017186839321240342,0.017129869543763148,0.12069336122131186,0.8280843175620219
Blake Shelton,God Gave Me You,0.3095730885689599,0.13914783289390845,0.5375988459240134,0.006780804762347572,0.006899427850770688
Blake Shelton,Bet You Still Think About Me,0.006291335476926078,0.06473361796421029,0.006283876901360876,0.9161762717300629,0.006514897927439942
Blake Shelton,Every Time I Hear That Song,0.0041102733460210835,0.004102987624642464,0.004083881377236681,0.9836896234070823,0.004013234245017412
Blake Shelton,Came Here to Forget,0.4859328004872389,0.13216195425910598,0.011322840853285552,0.359138609672248,0.01144379472812146
Taylor Swift,All Too Well (10 Minute Version) (Taylor’s Version) [From The Vault],0.474549491472379,0.20890410025091788,0.18717639068152744,0.006359093369919124,0.12301092422525657
Taylor Swift,All Too Well (10 Minute Version) (Taylor’s Version) [Live Acoustic],0.4525526966490682,0.24558329415102842,0.1777297448210844,0.006165029002393384,0.11796923537642544
Taylor Swift,Fortnight,0.007860436259066756,0.3787443114880188,0.59773569633316,0.007931866903851198,0.00772768901590321
Taylor Swift,​cardigan,0.8221905922457239,0.014407982489471165,0.01498431408552878,0.13405331410672428,0.014363797072551704
Taylor Swift,​exile,0.006558061685404911,0.006767288557304621,0.0065867617569352116,0.9736114559659134,0.006476432034441949
Taylor Swift,"So Long, London",0.2567238740424282,0.006030520534644836,0.7256377100554902,0.0058610579913612754,0.00574683737607545
Taylor Swift,Lover,0.018912730308469645,0.8203907306840403,0.018359035833552643,0.12394928281311103,0.01838822036082617
Taylor Swift,The Tortured Poets Department,0.006665960240287164,0.006622379320321061,0.006509159259887175,0.006677041147036477,0.9735254600324681
Taylor Swift,Is It Over Now? (Taylor’s Version) [From The Vault],0.012013487758209276,0.01185049103146031,0.012108717368134691,0.768019512592681,0.1960077912495148
Taylor Swift,​the 1,0.40242270162133353,0.01010590241727749,0.010300029932781696,0.5668289645400156,0.010342401488591706
Taylor Swift,Down Bad,0.2509149869323781,0.5759011719587234,0.005806181281745871,0.005975837460236428,0.1614018223669162
Taylor Swift,But Daddy I Love Him,0.1559786905647956,0.3659311600783689,0.18448498564463855,0.28808676852574755,0.005518395186449337
Taylor Swift,​​thanK you aIMee,0.8951600540075202,0.006181338496394797,0.0062246604886917805,0.08625722151274626,0.006176725494646807
Taylor Swift,‎loml,0.007602127853281618,0.14357678821192238,0.5355469851847563,0.30581933532901695,0.007454763421022666
Taylor Swift,​august,0.014710767043495691,0.06182310237278179,0.8945941610383553,0.014509117957609823,0.01436285158775741
Taylor Swift,Cruel Summer,0.5252859215552699,0.3530616681279982,0.00581238307444567,0.1098334227720096,0.006006604470276806
Taylor Swift,​tolerate it,0.6249127300754396,0.17652204207868785,0.1853080012514567,0.00671856361922342,0.006538662975192418
Taylor Swift,Look What You Made Me Do,0.0034228738044876934,0.003407241464072748,0.9240846664356167,0.0033659076252524475,0.06571931067057045
Taylor Swift,I Can Do It With A Broken Heart,0.4545493016693961,0.22657930801592066,0.2418948443827764,0.006220314191439149,0.07075623174046768
Taylor Swift,​champagne problems,0.4769368372612016,0.17131340766822045,0.013518024743796372,0.014104940655330207,0.3241267896714512
Ariana Grande,"​thank u, next",0.2195339276140169,0.30743729064365943,0.45576833735321554,0.008546535742236223,0.008713908646871804
Ariana Grande,7 rings,0.00600017099068874,0.6811253551309426,0.08992563455702916,0.0735456024781759,0.14940323684316348
Ariana Grande,​God is a woman,0.004071045336441407,0.2183659562370244,0.5901023556200403,0.1834481336837683,0.004012509122725638
Ariana Grande,Side To Side,0.5570571761806921,0.003389394501997972,0.0034322486642632973,0.43282548847991886,0.003295692173127805
Ariana Grande,​​no tears left to cry,0.5465056238450977,0.25626936466388783,0.00822870856042828,0.1809611178626984,0.008035185067887718
Ariana Grande,34+35,0.7340437569328314,0.005426547082636844,0.005627938867186533,0.15882203792940366,0.09607971918794153
Ariana Grande,"​break up with your girlfriend, i’m bored",0.7292511323607765,0.14117090420516631,0.0491895239388606,0.07425932670010527,0.006129112795091274
Ariana Grande,​​breathin,0.007380968507462029,0.007212425568152184,0.9707018962725188,0.0072351038277465324,0.007469605824120371
Ariana Grande,​positions,0.16493263652687182,0.6115331479363988,0.00918237219091633,0.16019140385963898,0.054160439486174154
Ariana Grande,"​yes, and?",0.21969394667186068,0.009160209177191521,0.17209048575381866,0.5294891718583268,0.06956618653880232
Ariana Grande,​pov,0.22694066614471187,0.5739783080183554,0.0063587928104547504,0.18645756728059573,0.006264665745882219
Ariana Grande,​imagine,0.011043511591574469,0.14683024438550774,0.010763994086455163,0.4280899582341321,0.4032722917023307
Ariana Grande,​needy,0.6476953171914829,0.2159740028314409,0.00691519491145764,0.006885562187752203,0.12252992287786628
Ariana Grande,​ghostin,0.00627867312870904,0.3118088040722745,0.10962907223222348,0.5659189591033484,0.006364491463444591
Ariana Grande,​in my head,0.00485611039308796,0.24908979379931276,0.12108754588252948,0.5692493127326419,0.055717237192427965
Ariana Grande,One Last Time,0.004608301240021302,0.004773873625396642,0.004657104975048353,0.7594148624835859,0.22654585767594787
Ariana Grande,​pete davidson,0.020213636804862864,0.020108608533578577,0.9188194185963625,0.020295060126103954,0.020563275939092074
Ariana Grande,Let Me Love You,0.20422644906999005,0.3542785762766744,0.003407720272143735,0.35764485016910813,0.08044240421208357
Ariana Grande,​sweetener,0.3823006381140379,0.006685217260653681,0.5976283798064957,0.006699147513995501,0.006686617304817196
Ariana Grande,​R.E.M.,0.264874018798802,0.10081132389475515,0.005232292608594146,0.6238091492615522,0.005273215436296549
Justin Bieber,Love Yourself,0.004136351994347142,0.288153157608025,0.17184882661249287,0.5317452707286827,0.004116393056452159
Justin Bieber,Baby,0.002508153331274619,0.07563862906725999,0.0025118688653241092,0.9168134308622194,0.002527917873921919
Justin Bieber,Sorry,0.029022100612682115,0.1682705588623791,0.44098879135742636,0.028882836946414865,0.3328357122210974
Justin Bieber,Yummy,0.9110623664308791,0.0724943121500378,0.005565985676566616,0.005450875170539635,0.005426460571976675
Justin Bieber,As Long As You Love Me,0.0020422653089735006,0.6548035351857956,0.3047721499537279,0.0363083470763483,0.0020737024751546246
Justin Bieber,What Do You Mean?,0.36614376016386374,0.2156554397657685,0.004176890538694386,0.4099188298191006,0.004105079712572843
Justin Bieber,Peaches,0.7524508053048634,0.021546455556608907,0.005868897713238415,0.163640773291395,0.056493068133894195
Justin Bieber,Holy,0.129153545009983,0.0037581316983839844,0.23294695858650316,0.049434052840105866,0.584707311865024
Justin Bieber,Intentions,0.006817107297805792,0.0839855540400554,0.006872073455740343,0.006879783390415142,0.8954454818159834
Justin Bieber,Beauty and a Beat,0.006952290485349572,0.07672243355468228,0.33815446349705,0.16746192318884168,0.4107088892740765
Justin Bieber,Confident,0.5149684015559287,0.03671658653945717,0.007076427459217216,0.3166186356488532,0.12461994879654384
Justin Bieber,Mistletoe,0.14052060960233861,0.4546105281305126,0.01363637646848335,0.2713340417522397,0.11989844404642563
Justin Bieber,Ghost,0.008865677009858181,0.33854795517529024,0.6345096142113272,0.009199061849649583,0.008877691753874708
Justin Bieber,Anyone,0.1692685912520637,0.2628120131818423,0.48689183232697647,0.006020079390220193,0.07500748384889735
Justin Bieber,I’ll Show You,0.35176974356744417,0.09995955759647351,0.28654565456359177,0.009169331328781805,0.2525557129437086
Justin Bieber,Mark My Words,0.7989421271704897,0.05022367544025008,0.05054961308793753,0.050232603435897805,0.0500519808654248
Justin Bieber,Purpose,0.015881840861114414,0.0156544768840495,0.9373533758521857,0.015571163552361473,0.015539142850288953
Justin Bieber,Boyfriend,0.007383647829311961,0.3292732331429393,0.007234908226482605,0.5421857510935878,0.11392245970767835
Justin Bieber,Company,0.02272559193816201,0.022410172343944153,0.023213726047863793,0.8010572839871138,0.13059322568291631
Justin Bieber,All That Matters,0.21122566999676468,0.010192500796108832,0.5255497847818817,0.24253634695298465,0.010495697472260037
Katy Perry,Swish Swish,0.20374718091286922,0.0787624520428474,0.3167510747394331,0.22437464606165144,0.17636464624319875
Katy Perry,Dark Horse,0.14073084742611924,0.2847412888964353,0.007316851971355455,0.5600247259959894,0.0071862857101004825
Katy Perry,Chained To The Rhythm,0.10579396072312282,0.006472123298307272,0.006489281343176017,0.874775460890281,0.006469173745112875
Katy Perry,The One That Got Away,0.2530335724825176,0.0059280558777305755,0.5036044255759387,0.1236432916874104,0.11379065437640273
Katy Perry,Firework,0.008388460118212095,0.008088998992163034,0.008214657115257479,0.9670585440984328,0.008249339675934561
Katy Perry,I Kissed A Girl,0.28013389738458516,0.12370332816468028,0.006616102004954535,0.5830293242766962,0.006517348169083937
Katy Perry,Roar,0.010019851504285493,0.010020508034492932,0.010033372958533567,0.9596829052691406,0.010243362233547453
Katy Perry,Bon Appétit,0.0044484392634066335,0.2266692520927754,0.004466717301070726,0.7600930482895201,0.004322543053227152
Katy Perry,Never Really Over,0.003921019603852298,0.0038854182205368313,0.0039181230045736044,0.9843877772252324,0.0038876619458048573
Katy Perry,California Gurls,0.01131758076424765,0.42320527415263404,0.011597412408142233,0.2687342201922854,0.2851455124826909
Katy Perry,E.T. (Remix) (Video Version),0.27669567720927113,0.010641924428865426,0.01078075067163653,0.6909005675133397,0.010981080176887115
Katy Perry,Hot N Cold,0.007978046851650746,0.008119659192403685,0.0077547486234752026,0.9683706049267812,0.0077769404056891684
Katy Perry,Teenage Dream,0.0038219758901269067,0.04961889953192134,0.7482515458887301,0.19457633838881777,0.003731240300403867
Katy Perry,Last Friday Night (T.G.I.F.),0.9783254353065273,0.005290801967671903,0.005353038223292452,0.005396239272139767,0.005634485230368778
Katy Perry,Rise,0.022645873959457805,0.022230375591520274,0.16797412325399766,0.5116799369259794,0.27546969026904505
Katy Perry,Wide Awake,0.47087108217026696,0.016975869279557975,0.22359900176169098,0.016876278985781167,0.271677767802703
Katy Perry,Smile,0.009381735161953581,0.009126937953471415,0.27817521295175596,0.6939263163462343,0.00938979758658489
Katy Perry,E.T.,0.01712945096210061,0.01683884500365214,0.016995402767860955,0.9313904588893337,0.01764584237705263
Katy Perry,Daisies,0.02033097315294008,0.02010278091911151,0.9191252393838919,0.02028151400728901,0.02015949253676757
Katy Perry,Harleys In Hawaii,0.009837853444144158,0.16390473541950765,0.21828209330047887,0.598390935631775,0.009584382204094317
Lady Gaga,Poker Face,0.22428490796232312,0.3767063161980434,0.012914666898204768,0.2176914198412473,0.1684026891001815
Lady Gaga,Bad Romance,0.001421389052361261,0.9942606977906223,0.001426741405443072,0.001459737982781629,0.0014314337687918524
Lady Gaga,Always Remember Us This Way,0.42232457369129567,0.00842158592804459,0.206317952773415,0.35430355587422785,0.008632331733017046
Lady Gaga,Do What U Want,0.0026595117009259907,0.9892148725009756,0.002724765585379552,0.002735537827417226,0.0026653123853017406
Lady Gaga,Sexxx Dreams,0.27970961893105795,0.2270040796521668,0.23969973548323806,0.24841816463670197,0.0051684012968351905
Lady Gaga,Born This Way,0.574813927148466,0.09805246698721058,0.0018201914288613306,0.3235421983707735,0.0017712160646884874
Lady Gaga,Million Reasons,0.3612305162231541,0.004030769803481132,0.08621768028114124,0.4427411793217299,0.10577985437049353
Lady Gaga,I’ll Never Love Again (Extended Version),0.17519811994736514,0.6957280645469118,0.005148682828219342,0.11887804009023836,0.005047092587265247
Lady Gaga,Paparazzi,0.00827261187930462,0.34028304265434234,0.008146003721005783,0.6349996376065346,0.008298704138812587
Lady Gaga,G.U.Y.,0.006374012736919717,0.5264472761435961,0.07588720353250021,0.3847228841767787,0.006568623410205215
Lady Gaga,Bloody Mary,0.012104184762695572,0.8520066465421632,0.012081740717932561,0.011967213595840052,0.11184021438136872
Lady Gaga,911,0.7445586902432243,0.015545486963544486,0.016302810413520778,0.01557190967178243,0.20802110270792806
Lady Gaga,Applause,0.6068540942882134,0.19900471373761766,0.005181473001185972,0.05516033113115869,0.13379938784182435
Lady Gaga,Just Dance,0.29334014053976976,0.10550311025065981,0.00919074323268122,0.5826209812341279,0.009345024742761329
Lady Gaga,The Cure,0.007158411257927219,0.39531248851488804,0.007060571775258415,0.5835231299008552,0.006945398551071175
Lady Gaga,Venus,0.0048978634314845865,0.8776804354532202,0.005014501753769122,0.004956909717845724,0.10745028964368042
Lady Gaga,Telephone,0.004420771065776431,0.61008688323594,0.0043063440180829415,0.37673390539564183,0.004452096284558962
Lady Gaga,Judas,0.0055150725892472476,0.5830612255634203,0.005483314782321649,0.40052329447126006,0.00541709259375075
Lady Gaga,Alejandro,0.0155115985745522,0.49964373486529123,0.18731644805027844,0.2819934911765796,0.0155347273332985
Lady Gaga,Perfect Illusion,0.006715143756677534,0.9734336081512708,0.006612207508859902,0.006635332395570868,0.006603708187620904
Led Zeppelin,Stairway to Heaven,0.30657085579901744,0.012701846187780539,0.6545403177298289,0.013127364965788067,0.013059615317585125
Led Zeppelin,Immigrant Song,0.8380167410446749,0.04001977585285149,0.04114115046710255,0.04080079721402306,0.0400215354213479
Led Zeppelin,Kashmir,0.45357880707772175,0.015589696710420488,0.015625221876057138,0.4987721424782048,0.016434131857595895
Led Zeppelin,Whole Lotta Love,0.0038165477833004557,0.6296078381791975,0.003727303960179873,0.28989400425505374,0.07295430582226857
Led Zeppelin,Black Dog,0.3821203060189721,0.007250137712769018,0.0073962359515590825,0.4085437714380756,0.19468954887862422
Led Zeppelin,Going to California,0.22563732514950835,0.1025710036914517,0.5360099723598699,0.1220948682085142,0.013686830590655752
Led Zeppelin,Ramble On,0.256081362205262,0.00373649175351773,0.0037748716466659256,0.7325590187792898,0.0038482556152645325
Led Zeppelin,All My Love,0.005403940832289145,0.8044743356561185,0.005320414346071383,0.005330688002237815,0.1794706211632831
Led Zeppelin,Dazed and Confused,0.10896333682518135,0.13928273470382993,0.1769614635739003,0.4500619146778405,0.12473055021924796
Led Zeppelin,Thank You,0.15488324871771886,0.1834981592218736,0.02625781267541107,0.02537829523459325,0.6099824841504032
Led Zeppelin,When the Levee Breaks,0.7918200423695436,0.008637399364629617,0.008439235401588746,0.1826185023733485,0.008484820490889425
Led Zeppelin,The Battle of Evermore,0.8761877452747455,0.0096491197483574,0.009832544204432686,0.009973524058107577,0.09435706671435673
Led Zeppelin,Babe I’m Gonna Leave You,0.003658668421634898,0.0035257346985112722,0.0035584279308540634,0.9857340587581924,0.003523110190807357
Led Zeppelin,No Quarter,0.023113319521911597,0.022480132863864032,0.0230281665502636,0.022827428659996814,0.9085509524039639
Led Zeppelin,Since I’ve Been Loving You,0.15090149176148346,0.10340070176053094,0.13313339817623152,0.6074595514445059,0.005104856857248167
Led Zeppelin,The Rain Song,0.14778307658571305,0.18035552906687993,0.3528968504509374,0.012849676634962285,0.30611486726150733
Led Zeppelin,Over the Hills and Far Away,0.2336959916610451,0.1251724145512647,0.01850586209119304,0.018803479633959546,0.6038222520625376
Led Zeppelin,Rock and Roll,0.0050117082966268265,0.06621731693433873,0.7743658828506835,0.1494593235242129,0.004945768394137972
Led Zeppelin,Good Times Bad Times,0.4015729803152695,0.5558750256714984,0.03018950916288489,0.0062028579604786185,0.006159626889868605
Led Zeppelin,Heartbreaker,0.3305240453311134,0.20414878495631356,0.2682279898728176,0.00673749153871648,0.19036168830103906
The Beatles,Yesterday,0.012244662504389813,0.15278218225469659,0.7454294727180414,0.012120498485393275,0.07742318403747883
The Beatles,Let It Be,0.5960756538764398,0.02512628268901894,0.02512356002954454,0.025232363464334134,0.3284421399406627
The Beatles,In My Life,0.011971499749558604,0.25915100458524626,0.7047981351744893,0.012113041782224438,0.011966318708481478
The Beatles,Come Together,0.7453909085767719,0.01829982858269278,0.018710721058764326,0.0184277219572878,0.19917081982448315
The Beatles,Here Comes the Sun,0.020174887102502776,0.020192164940288415,0.19904112749492162,0.0201862423124221,0.7404055781498651
The Beatles,Eleanor Rigby,0.01882616782956504,0.018249310538485504,0.9255417235587124,0.018971299933499063,0.018411498139737865
The Beatles,Something,0.010469527732194072,0.3171542186275978,0.010133876946313016,0.5265019019054212,0.13574047478847376
The Beatles,Blackbird,0.6824275554008218,0.018224814314195485,0.2628721051777899,0.01824475661709335,0.018230768490099466
The Beatles,A Day in the Life,0.8842943316768684,0.05951202354038336,0.046881458610179276,0.004715449499670132,0.004596736672898787
The Beatles,I Am the Walrus,0.4542600335635382,0.011246235531679178,0.22567566980886414,0.2970901641365302,0.011727896959388228
The Beatles,While My Guitar Gently Weeps,0.014425272234629893,0.3168608207702446,0.6393971958339741,0.01438629590009605,0.01493041526105527
The Beatles,"Ob-La-Di, Ob-La-Da",0.007464150881786996,0.3351905081057363,0.642238360064894,0.007613443842654487,0.0074935371049282724
The Beatles,Strawberry Fields Forever,0.9520161121563755,0.011935253473857604,0.011960009383072498,0.012152381743220447,0.011936243243473872
The Beatles,Across the Universe,0.011015433369057196,0.08196383083579445,0.19723726890374385,0.010682673781668523,0.699100793109736
The Beatles,With a Little Help from My Friends,0.2810252691624268,0.190901086476174,0.004191653903382379,0.042575844251139305,0.4813061462068775
The Beatles,Lucy in the Sky with Diamonds,0.0081632904932161,0.007812967636100374,0.007961914048277789,0.00789803395486343,0.9681637938675424
The Beatles,Now and Then,0.5000229218166259,0.4388490525123053,0.02022643170221853,0.020426820623484034,0.020474773345366102
The Beatles,Yellow Submarine,0.020755611847773324,0.020315907931810612,0.4707680159052475,0.02007626912294,0.46808419519222855
The Beatles,Michelle,0.01286344514938696,0.600998114620674,0.012707728680786578,0.013126510290745255,0.36030420125840706
AC/DC,T.N.T.,0.7551922578890221,0.015556432833111816,0.19817424238911857,0.015501320070256796,0.015575746818490693
AC/DC,Back in Black,0.5965133072144869,0.12839033331400165,0.24356411891813373,0.015495636147157875,0.016036604406219745
AC/DC,Highway to Hell,0.5036415144286154,0.01349109762966862,0.014024768598224765,0.013947468319264902,0.45489515102422634
AC/DC,Thunderstruck,0.15412910194915005,0.013606344004522073,0.01372316896935078,0.6608453662895983,0.15769601878737888
AC/DC,You Shook Me All Night Long,0.4860594183763763,0.0066937088352512,0.4937223085533083,0.006783512620729888,0.006741051614334459
AC/DC,Hells Bells,0.946074271716058,0.013422494884580893,0.013399044968871862,0.013405291584393896,0.013698896846095375
AC/DC,Big Balls,0.9090907008252878,0.02245770881088579,0.023550073967447207,0.022461358210847507,0.022440158185531606
AC/DC,Dirty Deeds Done Dirt Cheap,0.584313033924635,0.3846670513388718,0.010573365400248133,0.010322108295671635,0.010124441040573296
AC/DC,Shoot to Thrill,0.3491896083818376,0.220826921955808,0.02021603268053775,0.17698396616363396,0.23278347081818265
AC/DC,Shot in the Dark,0.5074154105718068,0.008407703969009991,0.4669770134461701,0.008432237326288318,0.00876763468672484
AC/DC,The Jack,0.9485398572906907,0.012753489569824292,0.013040067179146245,0.012635400331733364,0.013031185628605361
AC/DC,Whole Lotta Rosie,0.9371819546510933,0.015510912855991614,0.015957189285646566,0.01572662451001262,0.015623318697255837
AC/DC,It’s a Long Way to the Top (If You Wanna Rock ‘n’ Roll),0.36108395813573846,0.25493822476092187,0.37437516833644624,0.004798274912905571,0.004804373853987782
AC/DC,Have a Drink on Me,0.615206741089342,0.02536455328792408,0.30838217398728507,0.02578400325642306,0.025262528379025834
AC/DC,Let There Be Rock,0.9413360805839733,0.014392761850690293,0.014413296166272137,0.01523593489334651,0.014621926505717617
AC/DC,Moneytalks,0.05069658952196201,0.006448606114855303,0.006353903525795693,0.006534471587414649,0.9299664292499723
AC/DC,Touch Too Much,0.01276602129509943,0.18903288310442415,0.17068318071383368,0.35519422147322854,0.27232369341341406
AC/DC,For Those About to Rock (We Salute You),0.7052958934563955,0.018391467329239724,0.01856463946938323,0.018564785720352067,0.23918321402462936
AC/DC,Givin’ the Dog a Bone,0.01704538047834719,0.9323739306692207,0.01674257964372937,0.01678138430896061,0.01705672489974237
AC/DC,Live Wire,0.2550866944310955,0.1486667981010456,0.019265598697835954,0.12575840987214135,0.4512224988978817
Pink Floyd,Wish You Were Here,0.9094157766069055,0.022274448018850635,0.022837919251634826,0.02291549326491652,0.022556362857692597
Pink Floyd,Time,0.6361610369558827,0.006862972176898869,0.3432664634514712,0.00692323408812588,0.006786293327621203
Pink Floyd,Comfortably Numb,0.012650118842202691,0.012662059473207464,0.013119064154529621,0.49342783144835856,0.46814092608170166
Pink Floyd,"Another Brick in the Wall, Pt. 2",0.016767921599612594,0.016741264473563236,0.016804956610276305,0.5170881846804406,0.4325976726361072
Pink Floyd,Money,0.6720697147749841,0.006465325827763464,0.006604541781711204,0.006577120697196929,0.3082832969183443
Pink Floyd,Brain Damage,0.6384521496809811,0.02065376569469743,0.02022444998189386,0.3004222531947414,0.02024738144768616
Pink Floyd,Breathe (In the Air),0.2749841957748116,0.015481369076505625,0.5685679577388995,0.12522538068427758,0.01574109672550583
Pink Floyd,"Shine On You Crazy Diamond, Pts. 1-5",0.22919259974080483,0.02230954695341672,0.022980913417590027,0.02230033623841893,0.7032166036497696
Pink Floyd,Us and Them,0.8741913754957676,0.08676339053120942,0.013188722184705386,0.013013845211346412,0.012842666576971185
Pink Floyd,Hey You,0.930832929170198,0.01754540185344816,0.01738527639043625,0.017142852518332686,0.017093540067584796
Pink Floyd,Echoes,0.5284452920231582,0.025167458123005,0.025681939292286324,0.025360797497816685,0.3953445130637339
Pink Floyd,Dogs,0.5763489150386807,0.0060142741848841835,0.0060911765006422935,0.05171055138540899,0.3598350828903838
Pink Floyd,Mother,0.1338452096274722,0.0074599521955908505,0.05063706770981469,0.7189270656170874,0.0891307048500348
Pink Floyd,Eclipse,0.06734722340787339,0.06781683627020894,0.07065129011946211,0.7266529961932933,0.06753165400916222
Pink Floyd,The Great Gig in the Sky,0.050794291702482355,0.050441077375106246,0.6502274919323235,0.05081745051419498,0.19771968847589297
Pink Floyd,Pigs (Three Different Ones),0.6830945108742761,0.010766735428203979,0.010766746433831784,0.2844713557006546,0.010900651563033586
Pink Floyd,In the Flesh (Reprise),0.47180431228395675,0.023211464712561004,0.4584872799812868,0.023251876860536706,0.023245066161658726
Pink Floyd,"Another Brick in the Wall, Pt. 1",0.06688034091038896,0.06672512452367724,0.06673461998416011,0.7328863188018944,0.06677359577987926
Pink Floyd,High Hopes,0.01905673716344754,0.01827763494829139,0.4878340831029317,0.018392545873792458,0.4564389989115369
Pink Floyd,In the Flesh?,0.03000368326929471,0.029070688898747005,0.02970365003519648,0.8823882783439949,0.02883369945276688
Louis Armstrong,La Vie En Rose,0.01711441480581867,0.3270674984080569,0.018207084041149818,0.05933028789974376,0.5782807148452309
Louis Armstrong,What a Wonderful World,0.012735890709049237,0.06967616962970168,0.012729878592315088,0.4629197693610638,0.4419382917078701
Louis Armstrong,Go Down Moses,0.9549872156095552,0.011133508929701016,0.011546976160624394,0.011179883247954724,0.011152416052164693
Louis Armstrong,St. James Infirmary Blues,0.023022027851670034,0.2020991399248801,0.6032297791061584,0.14874935230389058,0.022899700813401026
Louis Armstrong,Jeepers Creepers,0.24331534170904964,0.0404952478610754,0.29248110843853875,0.3832862284994602,0.04042207349187601
Louis Armstrong,"Hello, Dolly!",0.9415273697931981,0.014427083934824541,0.014870029292170964,0.014481071764654126,0.01469444521515212
Louis Armstrong,Black and Blue,0.04132316668124243,0.04013727280893645,0.8383502904481425,0.04011856662428653,0.040070703437392045
Louis Armstrong,A Kiss To Build a Dream On,0.028727394490625384,0.028961232252365004,0.028823741412796314,0.7723809181678819,0.1411067136763314
Louis Armstrong,Mack the Knife,0.28508547337167794,0.028839359475028886,0.15994140025159106,0.497495064803666,0.02863870209803613
Louis Armstrong,We Have All the Time in the World,0.008916252372581961,0.40369684158959124,0.3155808550352516,0.008845804499884893,0.2629602465026904
Louis Armstrong,When the Saints Go Marching In,0.7496596451816766,0.018278257568573597,0.19519426308774473,0.018474136126006895,0.018393698035998152
Louis Armstrong,Nobody Knows the Trouble I’ve Seen,0.10292323281555796,0.10022990685090406,0.5942859592872987,0.1016636606451724,0.10089724040106685
Louis Armstrong,Zip-A-Dee-Doo-Dah,0.8997185416882887,0.025060411039194427,0.025118321295830765,0.025092775454157883,0.025009950522528312
Louis Armstrong,Cheesecake,0.020444767485572776,0.02028135173735445,0.020416562632098297,0.7783845248362359,0.16047279330873856
Louis Armstrong,Swing Low Sweet Chariot,0.006633372750552688,0.9732606681049218,0.006948491164950792,0.00656405366729335,0.00659341431228124
Louis Armstrong,When You’re Smiling (The Whole World Smiles With You),0.025000588410557217,0.02510230220073768,0.025111063862700848,0.02509322601860614,0.8996928195073981
Louis Armstrong,Do You Know What It Means to Miss New Orleans?,0.9259071856337109,0.018578530228448516,0.01879403458900596,0.018393585589880083,0.01832666395895477
Louis Armstrong,You’re The Apple Of My Eye [Delete],0.01606233016025787,0.35320816403375216,0.40055333807808824,0.21469790615966516,0.01547826156823663
Louis Armstrong,Basin Street Blues,0.020455405075110667,0.020012905740388248,0.9185590104532401,0.02066966313262173,0.020303015598639333
Louis Armstrong,"It’s Been a Long, Long Time",0.008414320940485241,0.008369711973571652,0.9664224447788068,0.00837316480195065,0.008420357505185648
Ella Fitzgerald,Cry Me a River,0.16965754419441928,0.7624110773198552,0.023313998683252343,0.022331509435034525,0.022285870367438655
Ella Fitzgerald,Summertime,0.272915714018128,0.02510024353523146,0.025027107318593363,0.28605843688537563,0.39089849824267153
Ella Fitzgerald,Misty,0.32869378659177356,0.4449090595446614,0.025449236622196822,0.1757578138460518,0.025190103395316445
Ella Fitzgerald,"Bewitched, Bothered, And Bewildered",0.013909515285798946,0.3735304060398385,0.5856096135053375,0.013556155991584483,0.013394309177440663
Ella Fitzgerald,Someone To Watch Over Me,0.7561287656832636,0.10324829630662745,0.01035956993738483,0.01037752676085059,0.1198858413118735
Ella Fitzgerald,Body And Soul,0.022719778522392285,0.022641528493157995,0.781397184826195,0.15086429615352975,0.022377212004724985
Ella Fitzgerald,Desafinado,0.40157701975176946,0.5510844588226105,0.016096845701833465,0.015763194125482972,0.015478481598303652
Ella Fitzgerald,All Of Me,0.018842811194653766,0.6058117268476139,0.018522624465995743,0.33847666745651456,0.01834617003522216
Ella Fitzgerald,Makin’ Whoopee,0.014024252537917265,0.12758352307432289,0.013475480503206662,0.7018238009128254,0.14309294297172787
Ella Fitzgerald,What Are You Doing New Year’s Eve?,0.015237182499211771,0.01339226793978216,0.8030110922292477,0.013673041925999161,0.15468641540575923
Ella Fitzgerald,Blue Skies,0.6183030931559937,0.30523356129174445,0.026270048996075157,0.025174456793320726,0.025018839762865848
Ella Fitzgerald,My Funny Valentine,0.6274656086320827,0.01347506230058997,0.013411929379502655,0.013550050470341812,0.3320973492174828
Ella Fitzgerald,How High The Moon,0.7541045052854113,0.16277930323535464,0.006468079944623605,0.07017836840066438,0.0064697431339460765
Ella Fitzgerald,Angel Eyes,0.023069622314169175,0.3335940585371118,0.5969165248096843,0.022823449177796197,0.02359634516123853
Ella Fitzgerald,It’s Only a Paper Moon,0.014370396623399064,0.39331699487580507,0.014584796060471717,0.2919336833934976,0.2857941290468265
Ella Fitzgerald,Night and Day,0.9064886583611099,0.0614782794376257,0.010821359496221239,0.010666390693175085,0.010545312011868174
Ella Fitzgerald,My Romance,0.018356215877616572,0.018228606515272215,0.01821760553983295,0.01829682469825731,0.9269007473690211
Ella Fitzgerald,It Don’t Mean a Thing,0.015414980959015412,0.015385152111298098,0.01538462498270446,0.015405975174851715,0.9384092667721303
Ella Fitzgerald,After You’ve Gone,0.4168230737158918,0.16958823572366483,0.3979887256160107,0.007850269432557587,0.007749695511875075
Ella Fitzgerald,Alone Together,0.18195623727192756,0.7704658221664811,0.015939585410233558,0.015594424599280909,0.016043930552077028
Duke Ellington,Don’t Get Around Much Anymore,0.05048311471771011,0.05071365371162627,0.05165809712210958,0.7966372441939727,0.05050789025458126
Duke Ellington,Satin Doll,0.598631455658241,0.1000002601565717,0.1000002607978906,0.10136764088096543,0.10000038250633121
Duke Ellington,Sophisticated Lady,0.598631455658241,0.1000002601565717,0.1000002607978906,0.10136764088096543,0.10000038250633121
Duke Ellington,Caravan,0.598631455658241,0.1000002601565717,0.1000002607978906,0.10136764088096543,0.10000038250633121
Duke Ellington,Do Nothing Till You Hear from Me,0.018649718987606242,0.018698762081712096,0.019029085617019312,0.9244567444390315,0.0191656888746308
Duke Ellington,Mood Indigo,0.04093483801308141,0.04124919179279083,0.040171993717002995,0.04022788687583802,0.8374160896012868
Duke Ellington,It Don’t Mean a Thing (If it Ain’t Got That Swing),0.02026612676261122,0.02005599738225135,0.020017251487899422,0.02013950646729401,0.919521117899944
Duke Ellington,Lambeth Walk,0.598631455658241,0.1000002601565717,0.1000002607978906,0.10136764088096543,0.10000038250633121
Duke Ellington,Jump for Joy,0.45453900596612723,0.025137553354570033,0.025500813752912955,0.46764685031163694,0.027175776614752796
Duke Ellington,Come Sunday,0.008307613957495585,0.08446400710370919,0.8908823327815107,0.008207279417725357,0.008138766739559142
Duke Ellington,Just Squeeze Me (But Don’t Tease Me),0.5041661624593701,0.18587359909422316,0.025520645159691165,0.025273805128612534,0.2591657881581031
Duke Ellington,Take the “A” Train,0.598631455658241,0.1000002601565717,0.1000002607978906,0.10136764088096543,0.10000038250633121
Duke Ellington,Prelude to a Kiss,0.598631455658241,0.1000002601565717,0.1000002607978906,0.10136764088096543,0.10000038250633121
Duke Ellington,The “C” Jam Blues,0.598631455658241,0.1000002601565717,0.1000002607978906,0.10136764088096543,0.10000038250633121
Duke Ellington,I Didn’t Know About You,0.13818632458394647,0.11808392357142555,0.35050700864503986,0.017158287916751627,0.37606445528283644
Duke Ellington,"Diga, Diga, Doo",0.01881484750038996,0.5672823386152144,0.01834852853209797,0.019251247294294997,0.3763030380580027
Duke Ellington,Flamingo,0.4043702446815795,0.22063089342256423,0.02019031858720003,0.1611707232311968,0.1936378200774594
Duke Ellington,I Got It Bad and That Ain’t Good,0.27461990883086623,0.6894753593588594,0.011870916228816997,0.012084903984507674,0.01194891159694986
Duke Ellington,Love You Madly,0.3995591668767224,0.5664934393099182,0.011274703636897304,0.011457336269363978,0.011215353907098206
Duke Ellington,Black and Tan Fantasy,0.598631455658241,0.1000002601565717,0.1000002607978906,0.10136764088096543,0.10000038250633121
Billie Holiday,Strange Fruit,0.2,0.2,0.2,0.2,0.2
Billie Holiday,Gloomy Sunday,0.02527105428855291,0.2685792336736546,0.025426819722333297,0.49202489622304557,0.1886979960924137
Billie Holiday,All of Me,0.022893820039092756,0.6430481095087277,0.022307983787423314,0.2894116908417878,0.022338395822968423
Billie Holiday,I’ll Be Seeing You,0.9523104638406196,0.011910624050452902,0.011954359246759536,0.011985633203169633,0.011838919658998468
Billie Holiday,Solitude,0.050705563844984085,0.795917165011714,0.05106399943622212,0.051228512769368635,0.05108475893771119
Billie Holiday,Blue Moon,0.011923627030361041,0.5263871989773847,0.011874520336201016,0.012131159905087273,0.43768349375096605
Billie Holiday,Summertime,0.16557930347104485,0.025149581497126382,0.025045397039638186,0.18153616707688913,0.6026895509153014
Billie Holiday,Crazy He Calls Me,0.22069704379471988,0.4051762668112804,0.02231308808036741,0.022416299096806726,0.3293973022168256
Billie Holiday,Easy Living,0.025066181708262608,0.7172767768589082,0.2076230690053495,0.02501559699861688,0.025018375428862778
Billie Holiday,The Very Thought Of You,0.018465587847132578,0.11572249013053172,0.018428820521101466,0.667316127943366,0.18006697355786816
Billie Holiday,My Man,0.4814810634992149,0.40257206129458784,0.012942357185639476,0.012559285017475084,0.09044523300308266
Billie Holiday,I’m a Fool to Want You,0.009937289511704398,0.408782445280666,0.20055846190250615,0.19384340309406536,0.18687840021105798
Billie Holiday,Summertime (From ’Porgy & Bess’),0.30898013625712434,0.02009763355143715,0.02005488139268956,0.35262550992786007,0.29824183887088884
Billie Holiday,Darn That Dream,0.5057627993572051,0.1959345365062593,0.026073127766436874,0.025654159658331916,0.24657537671176666
Billie Holiday,You Go to My Head,0.018469303254212425,0.8323806216053108,0.01857356933261869,0.019136711068673512,0.1114397947391846
Billie Holiday,"Lover, Come Back to Me",0.49161099846939843,0.24736987370316393,0.006584015177928429,0.006516989007366968,0.2479181236421422
Billie Holiday,Willow Weep for Me,0.25168415857878684,0.1872057340481807,0.020128929077070624,0.5207908823553543,0.020190295940607377
Billie Holiday,Body and Soul,0.014702321716381668,0.014381217718174504,0.9415796030918464,0.01446888127667662,0.014867976196920773
Billie Holiday,Good Morning Heartache,0.20498378821633,0.037895653718408424,0.010208847302667332,0.7368515036959742,0.010060207066619956
Billie Holiday,Lover Man,0.5652573778542206,0.3020742975809213,0.01470605730142638,0.014338537899169813,0.10362372936426185
Miles Davis,So What,0.598631455658241,0.1000002601565717,0.1000002607978906,0.10136764088096543,0.10000038250633121
Miles Davis,Blue in Green,0.598631455658241,0.1000002601565717,0.1000002607978906,0.10136764088096543,0.10000038250633121
Miles Davis,The Doo-Bop Song,0.336637308686686,0.32118740605501034,0.011610302320053495,0.1145471995866471,0.2160177833516031
Miles Davis,It Never Entered My Mind,0.598631455658241,0.1000002601565717,0.1000002607978906,0.10136764088096543,0.10000038250633121
Miles Davis,Freddie Freeloader,0.598631455658241,0.1000002601565717,0.1000002607978906,0.10136764088096543,0.10000038250633121
Miles Davis,Bitches Brew,0.598631455658241,0.1000002601565717,0.1000002607978906,0.10136764088096543,0.10000038250633121
Miles Davis,Flamenco Sketches,0.598631455658241,0.1000002601565717,0.1000002607978906,0.10136764088096543,0.10000038250633121
Miles Davis,Fantasy,0.029214372859343973,0.028753230078168296,0.8828415457500477,0.028951294554294668,0.030239556758145394
Miles Davis,All Blues,0.598631455658241,0.1000002601565717,0.1000002607978906,0.10136764088096543,0.10000038250633121
Miles Davis,Pharaoh’s Dance,0.598631455658241,0.1000002601565717,0.1000002607978906,0.10136764088096543,0.10000038250633121
Miles Davis,Miles Runs the Voodoo Down,0.598631455658241,0.1000002601565717,0.1000002607978906,0.10136764088096543,0.10000038250633121
Miles Davis,In a Silent Way / It’s About That Time,0.598631455658241,0.1000002601565717,0.1000002607978906,0.10136764088096543,0.10000038250633121
Miles Davis,Human Nature,0.10125340577934211,0.10061218432318256,0.10022173105211114,0.10000033112633651,0.5979123477190277
Miles Davis,Spanish Key,0.598631455658241,0.1000002601565717,0.1000002607978906,0.10136764088096543,0.10000038250633121
Miles Davis,Feio,0.422345579163008,0.022265780425415042,0.5102141003345435,0.022840036802612776,0.022334503274420648
Miles Davis,I Fall In Love Too Easily,0.598631455658241,0.1000002601565717,0.1000002607978906,0.10136764088096543,0.10000038250633121
Miles Davis,Concierto de Aranjuez (Adagio),0.598631455658241,0.1000002601565717,0.1000002607978906,0.10136764088096543,0.10000038250633121
Miles Davis,Someday My Prince Will Come,0.598631455658241,0.1000002601565717,0.1000002607978906,0.10136764088096543,0.10000038250633121
Miles Davis,Sanctuary,0.598631455658241,0.1000002601565717,0.1000002607978906,0.10136764088096543,0.10000038250633121
Miles Davis,Milestones,0.598631455658241,0.1000002601565717,0.1000002607978906,0.10136764088096543,0.10000038250633121
John Lennon,Imagine,0.02107898730777274,0.02027614869631501,0.3068637449194739,0.020069643792669192,0.6317114752837691
John Lennon,Beautiful Boy (Darling Boy),0.3072230661110382,0.006927521901577191,0.2062077775566298,0.47246599691145535,0.0071756375192995
John Lennon,How Do You Sleep?,0.9457252996672113,0.013403817078989346,0.013467569361423128,0.01349678148769276,0.01390653240468357
John Lennon,Working Class Hero,0.01852364280363795,0.4315981513593651,0.32351529095341386,0.2079785182255469,0.018384396658036126
John Lennon,Jealous Guy,0.0159965293488887,0.6167706421441425,0.14354012084464052,0.20783121271303845,0.015861494949289793
John Lennon,Woman,0.015920422754395726,0.4873571292539351,0.15423840619685772,0.015530826925323269,0.3269532148694882
John Lennon,God,0.010541301380573694,0.010526513983900358,0.2168365898987787,0.7515624281427349,0.010533166594012239
John Lennon,Mind Games,0.009141009960758442,0.44463385895943713,0.5278116223511693,0.009282271518729361,0.009131237209905729
John Lennon,Now and Then (Demo),0.3841771495186147,0.5399686088525298,0.02544475571765155,0.025247955840962042,0.025161530070241918
John Lennon,Woman is the Nigger of the World,0.007183064237740579,0.007437752299241506,0.546956252891987,0.1859331376790222,0.2524897928920087
John Lennon,Gimme Some Truth,0.009126964064540171,0.5319877892332554,0.009127890275477925,0.00913973783984945,0.440617618586877
John Lennon,Mother,0.011393358281594216,0.7388029044746397,0.22696171732671072,0.0112780717317313,0.011563948185323965
John Lennon,Love,0.009748521620415295,0.9614952258485623,0.009640496771307388,0.009543681882184043,0.009572073877531048
John Lennon,Hold On,0.014487344908318291,0.014307698981701606,0.014446600881213995,0.014451835615182476,0.9423065196135836
John Lennon,Oh My Love,0.008058930565204058,0.26916798175703815,0.7065199490637757,0.008091147428751602,0.008161991185230581
John Lennon,Watching the Wheels,0.011312751150371853,0.09845509896302651,0.7233307198203495,0.1556960272939488,0.01120540277230336
John Lennon,Isolation,0.02013988674378238,0.02033839131988825,0.020111797023242183,0.24667008634616652,0.6927398385669206
John Lennon,Cold Turkey,0.14575486735020662,0.014491999682939882,0.33882160888219925,0.2875526496083927,0.21337887447626147
John Lennon,#9 Dream,0.012011262253113617,0.011847406327779522,0.5385188737789719,0.4257846032658077,0.011837854374327387
John Lennon,(Just Like) Starting Over,0.008893392183862993,0.33467812843657047,0.6389389615613833,0.008776481870992066,0.008713035947191252
Bob Marley,Turn Your Lights Down Low (Remix),0.49138567027713564,0.24809614031744723,0.0019965599536005143,0.25659166285251317,0.0019299665993033708
Bob Marley,Judge Not,0.03369407623709179,0.03657567240056702,0.8625325736696308,0.03333344656588242,0.03386423112682799
Bob Marley,One Cup Of Coffee,0.4831305128552053,0.022392888628161627,0.02252811434912746,0.02253260837121566,0.4494158757962899
Bob Marley,She Used To Call Me Dada,0.034036083969714324,0.8654294017680018,0.033428361852297014,0.03352956271997874,0.03357658969000819
Bob Marley,Roots,0.0173196919847151,0.016915536913337813,0.9317931703937947,0.01672572644804916,0.01724587426010326
Bob Marley,Acoustic Medley,0.23679548023704594,0.23779702397457506,0.0037124132895065215,0.2994981980369897,0.22219688446188274
Bob Marley,Lion Of Judah,0.9192616496571423,0.02008045259467582,0.020000127506203752,0.02045393338305538,0.02020383685892275
Bob Marley,Burnin’ and Lootin’ (Remix),0.23500362953018367,0.10829585537461116,0.4503605572100272,0.0086072710163332,0.19773268686884463
Bob Marley,Smile Jamaica,0.9326185380528333,0.016681946861209763,0.01675601556658113,0.017244573700436618,0.016698925818939107
Bob Marley,Nice Time,0.006989331097587419,0.12100609416376558,0.7733628719143557,0.007089914590660192,0.09155178823363112
Bob Marley,Place of Peace,0.3890408340892113,0.13226950257719566,0.45416239910710493,0.012289892819657951,0.012237371406830235
Bob Marley,Who Colt the Game,0.01364727652629907,0.9458356073925872,0.013454928864877142,0.013463840353524487,0.013598346862712147
Bob Marley,Wisdom,0.19299565578002664,0.13220208700593986,0.020183951930631567,0.6344627918038853,0.020155513479516673
Bob Marley,Send Me That Love,0.008766442462831177,0.28263796375068045,0.008751168601637946,0.5544318153032306,0.14541260988161983
Bob Marley,Sun is Shining (Robin Schulz Remix),0.018183795926925823,0.9272314348319411,0.018183043824522477,0.01820135414589999,0.018200371270710548
Bob Marley,You Can’t Blame the Youth,0.9378881701140205,0.015770281628090986,0.015486970341469111,0.015389844401000422,0.015464733515418914
Bob Marley,Screwface,0.5967917061509748,0.025155560902833534,0.32772241248744205,0.025239300146535637,0.025091020312214003
Bob Marley,Lion Of Judah (Conquering Lion),0.9192616496571423,0.02008045259467582,0.020000127506203752,0.02045393338305538,0.02020383685892275
Bob Marley,“Stir It Up”,0.005979513606117723,0.26583698045691184,0.0681755007714126,0.3807040282968511,0.27930397686870667
Bob Marley,And I Love Her,0.008767471282608337,0.9645195357363079,0.009000398207708439,0.008710931164699875,0.009001663608675372
Stevie Wonder,As,0.7753877156468327,0.06429923827016948,0.1556806942689855,0.002312549767062398,0.0023198020469497485
Stevie Wonder,Superstition,0.42620461414801974,0.15217564162088731,0.011253172347579133,0.39919965021743686,0.01116692166607691
Stevie Wonder,Isn’t She Lovely?,0.012900157891478525,0.4228376643419209,0.45637395841226897,0.09494248990594191,0.012945729448389752
Stevie Wonder,I Wish,0.013287492372141305,0.12166918918194551,0.012685956454330601,0.5268087558710347,0.3255486061205479
Stevie Wonder,I Just Called to Say I Love You,0.43355208634864334,0.5426831689224597,0.00786357170971644,0.008173328289888341,0.007727844729291919
Stevie Wonder,Sir Duke,0.0067664245188783344,0.006521078203503158,0.9736326316430703,0.0065710748292261536,0.006508790805322108
Stevie Wonder,Don’t You Worry ’Bout a Thing,0.006648615772292169,0.006299353256310599,0.09641031009208831,0.006350163980386836,0.884291556898922
Stevie Wonder,Higher Ground,0.01191439910671761,0.011825822609947616,0.6415194775302494,0.011866649430207984,0.32287365132287754
Stevie Wonder,"Signed, Sealed, Delivered I’m Yours",0.06608472264801248,0.006870616628294748,0.03808183936866701,0.8824425949192494,0.006520226435776497
Stevie Wonder,Happy Birthday,0.3130453216755602,0.18251174620420108,0.3861039031131971,0.008917296249743035,0.10942173275729847
Stevie Wonder,Living for the City,0.14989413735117968,0.007013632659507248,0.6561325363010763,0.1536327553534268,0.03332693833480998
Stevie Wonder,Faith,0.14912658988780705,0.16671579880302925,0.005194057010333727,0.6738218530405583,0.005141701258271719
Stevie Wonder,Master Blaster (Jammin’),0.006424123870917301,0.006436564950679388,0.006339720251049196,0.9744201825517057,0.006379408375648354
Stevie Wonder,Overjoyed,0.017163444901425025,0.25069122456718224,0.6981687115010997,0.017300497234404074,0.01667612179588897
Stevie Wonder,Knocks Me Off My Feet,0.005267639857632809,0.9789045211239358,0.005282199256277729,0.005278759859273663,0.005266879902879868
Stevie Wonder,Do I Do,0.04320114055785305,0.8661895246103428,0.0025453069402475376,0.08558396569768277,0.002480062193873654
Stevie Wonder,Ribbon in the Sky,0.20509699445740512,0.3293039921152646,0.09914309231465655,0.010558075918351936,0.3558978451943217
Stevie Wonder,Part-Time Lover,0.595550844215018,0.24001772526734744,0.14866520621681203,0.007990854549774593,0.0077753697510479025
Stevie Wonder,My Cherie Amour,0.22016439682484856,0.017067030918307333,0.01690686537794138,0.2081897181868557,0.5376719886920469
Stevie Wonder,All I Do,0.00252126653153544,0.06613769761163796,0.0025001497017601896,0.9263619733529576,0.0024789128021088015
U2,One,0.007426419607517078,0.4729847762218563,0.19605952660744044,0.31621552576583933,0.007313751797346825
U2,With or Without You,0.7939265361003521,0.14529221384466826,0.02047107987782341,0.020179823954131305,0.020130346223024977
U2,I Still Haven’t Found What I’m Looking For,0.036122056140385085,0.03333730846657054,0.8628256985431692,0.034357323596710475,0.033357613253164636
U2,Sunday Bloody Sunday,0.21381516169805548,0.010565181127418747,0.7543974609452269,0.0106646568063986,0.010557539422900306
U2,Pride (In the Name of Love),0.00630620359454544,0.9752204119826623,0.006153682374237579,0.006087941916445574,0.00623176013210912
U2,Beautiful Day,0.6868048580990705,0.07940774620918835,0.008252851490626375,0.008178314217303962,0.21735622998381088
U2,Where the Streets Have No Name,0.01425086801682305,0.8222266769938432,0.0916501641529565,0.013707782489371413,0.05816450834700588
U2,Get Out of Your Own Way,0.7579790640429053,0.13779330270571113,0.006968828711208921,0.0071389572833838065,0.09011984725679088
U2,Every Breaking Wave,0.20069412538306822,0.29313229532878654,0.012816347789732193,0.480761117599168,0.012596113899245164
U2,New Year’s Day,0.859143980174119,0.11826532689250521,0.007394675220709192,0.007258147615149004,0.007937870097517546
U2,Song for Someone,0.7021131934821312,0.006719198873365436,0.15554369023783243,0.006765479568982706,0.12885843783768827
U2,You’re The Best Thing About Me,0.15541520528140784,0.029985599062094408,0.11098657466071442,0.1418411667022127,0.5617714542935707
U2,Vertigo,0.011762962537300596,0.4778354110081725,0.2543630759039845,0.2446197719217041,0.011418778628838175
U2,All I Want Is You,0.20742793624321598,0.7202438304219001,0.05212599900744645,0.010124420953979706,0.010077813373457818
U2,Bad,0.9628798000780671,0.00927231048777667,0.009252449268580874,0.00936810138351214,0.009227338782063423
U2,Ordinary Love,0.009639141278652617,0.7218760054380182,0.2498424056894547,0.009290491352115937,0.009351956241758554
U2,The Troubles,0.008117633966197066,0.008010254959589489,0.10058453395054415,0.008301205755474965,0.8749863713681943
U2,Stuck in a Moment You Can’t Get Out Of,0.4645742203062727,0.04481200683414787,0.31945590933471896,0.16235355666966025,0.008804306855200235
U2,American Soul,0.008690517951184923,0.008539497355790123,0.5771625210546594,0.008629250570573874,0.3969782130677917
U2,The Miracle (Of Joey Ramone),0.2523169235543491,0.07925987925568172,0.012915562445637793,0.6423886601188801,0.01311897462545143
